COD_MUN,MUNICIPIO,PROVINCIA,COD_ENT
04001,Abla,Almería,d06
04002,Abrucena,Almería,d06
04003,Adra,Almería,d06
04004,Albánchez,Almería,d06
04005,Alboloduy,Almería,d06
04006,Albox,Almería,d06
04007,Alcolea,Almería,d06
04008,Alcóntar,Almería,d06
04009,Alcudia de Monteagud,Almería,d06
04010,Alhabia,Almería,d06
04011,Alhama de Almería,Almería,d06
04012,Alicún,Almería,d06
04013,Almería,Almería,d06
04014,Almócita,Almería,d06
04015,Alsodux,Almería,d06
04016,Antas,Almería,d06
04017,Arboleas,Almería,d06
04018,Armuña de Almanzora,Almería,d06
04019,Bacares,Almería,d06
04020,Bayárcal,Almería,d06
04021,Bayarque,Almería,d06
04022,Bédar,Almería,d06
04023,Beires,Almería,d06
04024,Benahadux,Almería,d06
04026,Benitagla,Almería,d06
04027,Benizalón,Almería,d06
04028,Bentarique,Almería,d06
04029,Berja,Almería,d06
04030,Canjáyar,Almería,d06
04031,Cantoria,Almería,d06
04032,Carboneras,Almería,d06
04033,Castro de Filabres,Almería,d06
04034,Cóbdar,Almería,d06
04035,Cuevas del Almanzora,Almería,d06
04036,Chercos,Almería,d06
04037,Chirivel,Almería,d06
04038,Dalías,Almería,d06
04041,Enix,Almería,d06
04043,Felix,Almería,d06
04044,Fines,Almería,d06
04045,Fiñana,Almería,d06
04046,Fondón,Almería,d06
04047,Gádor,Almería,d06
04048,Los Gallardos,Almería,d06
04049,Garrucha,Almería,d06
04050,Gérgal,Almería,d06
04051,Huécija,Almería,d06
04052,Huércal de Almería,Almería,d06
04053,Huércal-Overa,Almería,d06
04054,Illar,Almería,d06
04055,Instinción,Almería,d06
04056,Laroya,Almería,d06
04057,Láujar de Andarax,Almería,d06
04058,Líjar,Almería,d06
04059,Lubrín,Almería,d06
04060,Lucainena de las Torres,Almería,d06
04061,Lúcar,Almería,d06
04062,Macael,Almería,d06
04063,María,Almería,d06
04064,Mojácar,Almería,d06
04065,Nacimiento,Almería,d06
04066,Níjar,Almería,d06
04067,Ohanes,Almería,d06
04068,Olula de Castro,Almería,d06
04069,Olula del Río,Almería,d06
04070,Oria,Almería,d06
04071,Padules,Almería,d06
04072,Partaloa,Almería,d06
04073,Paterna del Río,Almería,d06
04074,Pechina,Almería,d06
04075,Pulpí,Almería,d06
04076,Purchena,Almería,d06
04077,Rágol,Almería,d06
04078,Rioja,Almería,d06
04079,Roquetas de Mar,Almería,d06
04080,Santa Cruz de Marchena,Almería,d06
04081,Santa Fe de Mondújar,Almería,d06
04082,Senés,Almería,d06
04083,Serón,Almería,d06
04084,Sierro,Almería,d06
04085,Somontín,Almería,d06
04086,Sorbas,Almería,d06
04087,Suflí,Almería,d06
04088,Tabernas,Almería,d06
04089,Taberno,Almería,d06
04090,Tahal,Almería,d06
04091,Terque,Almería,d06
04092,Tíjola,Almería,d06
04093,Turre,Almería,d06
04094,Turrillas,Almería,d06
04095,Uleila del Campo,Almería,d06
04096,Urrácal,Almería,d06
04097,Velefique,Almería,d06
04098,Vélez-Blanco,Almería,d06
04099,Vélez-Rubio,Almería,d06
04100,Vera,Almería,d06
04101,Viator,Almería,d06
04102,Vícar,Almería,d06
04103,Zurgena,Almería,d06
04901,Las Tres Villas,Almería,d06
04902,El Ejido,Almería,d06
04903,La Mojonera,Almería,d06
04904,Balanegra,Almería,d06
11001,Alcalá de los Gazules,Cádiz,d06
11002,Alcalá del Valle,Cádiz,d06
11003,Algar,Cádiz,d06
11004,Algeciras,Cádiz,d06
11005,Algodonales,Cádiz,d06
11006,Arcos de la Frontera,Cádiz,d06
11007,Barbate,Cádiz,d06
11008,Los Barrios,Cádiz,d06
11009,Benaocaz,Cádiz,d06
11010,Bornos,Cádiz,d06
11011,El Bosque,Cádiz,d06
11012,Cádiz,Cádiz,d06
11013,Castellar de la Frontera,Cádiz,d06
11014,Conil de la Frontera,Cádiz,d06
11015,Chiclana de la Frontera,Cádiz,d06
11016,Chipiona,Cádiz,d06
11017,Espera,Cádiz,d06
11018,El Gastor,Cádiz,d06
11019,Grazalema,Cádiz,d06
11020,Jerez de la Frontera,Cádiz,d06
11021,Jimena de la Frontera,Cádiz,d06
11022,La Línea de la Concepción,Cádiz,d06
11023,Medina-Sidonia,Cádiz,d06
11024,Olvera,Cádiz,d06
11025,Paterna de Rivera,Cádiz,d06
11026,Prado del Rey,Cádiz,d06
11027,El Puerto de Santa María,Cádiz,d06
11028,Puerto Real,Cádiz,d06
11029,Puerto Serrano,Cádiz,d06
11030,Rota,Cádiz,d06
11031,San Fernando,Cádiz,d06
11032,Sanlúcar de Barrameda,Cádiz,d06
11033,San Roque,Cádiz,d06
11034,Setenil de las Bodegas,Cádiz,d06
11035,Tarifa,Cádiz,d06
11036,Torre Alháquime,Cádiz,d06
11037,Trebujena,Cádiz,d06
11038,Ubrique,Cádiz,d06
11039,Vejer de la Frontera,Cádiz,d06
11040,Villaluenga del Rosario,Cádiz,d06
11041,Villamartín,Cádiz,d06
11042,Zahara,Cádiz,d06
11901,Benalup-Casas Viejas,Cádiz,d06
11902,San José del Valle,Cádiz,d06
14001,Adamuz,Córdoba,d06
14002,Aguilar de la Frontera,Córdoba,d06
14003,Alcaracejos,Córdoba,d06
14004,Almedinilla,Córdoba,d06
14005,Almodóvar del Río,Córdoba,d06
14006,Añora,Córdoba,d06
14007,Baena,Córdoba,d06
14008,Belalcázar,Córdoba,d06
14009,Belmez,Córdoba,d06
14010,Benamejí,Córdoba,d06
14011,Los Blázquez,Córdoba,d06
14012,Bujalance,Córdoba,d06
14013,Cabra,Córdoba,d06
14014,Cañete de las Torres,Córdoba,d06
14015,Carcabuey,Córdoba,d06
14016,Cardeña,Córdoba,d06
14017,La Carlota,Córdoba,d06
14018,El Carpio,Córdoba,d06
14019,Castro del Río,Córdoba,d06
14020,Conquista,Córdoba,d06
14021,Córdoba,Córdoba,d06
14022,Doña Mencía,Córdoba,d06
14023,Dos Torres,Córdoba,d06
14024,Encinas Reales,Córdoba,d06
14025,Espejo,Córdoba,d06
14026,Espiel,Córdoba,d06
14027,Fernán-Núñez,Córdoba,d06
14028,Fuente la Lancha,Córdoba,d06
14029,Fuente Obejuna,Córdoba,d06
14030,Fuente Palmera,Córdoba,d06
14031,Fuente-Tójar,Córdoba,d06
14032,La Granjuela,Córdoba,d06
14033,Guadalcázar,Córdoba,d06
14034,El Guijo,Córdoba,d06
14035,Hinojosa del Duque,Córdoba,d06
14036,Hornachuelos,Córdoba,d06
14037,Iznájar,Córdoba,d06
14038,Lucena,Córdoba,d06
14039,Luque,Córdoba,d06
14040,Montalbán de Córdoba,Córdoba,d06
14041,Montemayor,Córdoba,d06
14042,Montilla,Córdoba,d06
14043,Montoro,Córdoba,d06
14044,Monturque,Córdoba,d06
14045,Moriles,Córdoba,d06
14046,Nueva Carteya,Córdoba,d06
14047,Obejo,Córdoba,d06
14048,Palenciana,Córdoba,d06
14049,Palma del Río,Córdoba,d06
14050,Pedro Abad,Córdoba,d06
14051,Pedroche,Córdoba,d06
14052,Peñarroya-Pueblonuevo,Córdoba,d06
14053,Posadas,Córdoba,d06
14054,Pozoblanco,Córdoba,d06
14055,Priego de Córdoba,Córdoba,d06
14056,Puente Genil,Córdoba,d06
14057,La Rambla,Córdoba,d06
14058,Rute,Córdoba,d06
14059,San Sebastián de los Ballesteros,Córdoba,d06
14060,Santaella,Córdoba,d06
14061,Santa Eufemia,Córdoba,d06
14062,Torrecampo,Córdoba,d06
14063,Valenzuela,Córdoba,d06
14064,Valsequillo,Córdoba,d06
14065,La Victoria,Córdoba,d06
14066,Villa del Río,Córdoba,d06
14067,Villafranca de Córdoba,Córdoba,d06
14068,Villaharta,Córdoba,d06
14069,Villanueva de Córdoba,Córdoba,d06
14070,Villanueva del Duque,Córdoba,d06
14071,Villanueva del Rey,Córdoba,d06
14072,Villaralto,Córdoba,d06
14073,Villaviciosa de Córdoba,Córdoba,d06
14074,El Viso,Córdoba,d06
14075,Zuheros,Córdoba,d06
18001,Agrón,Granada,d06
18002,Alamedilla,Granada,d06
18003,Albolote,Granada,d06
18004,Albondón,Granada,d06
18005,Albuñán,Granada,d06
18006,Albuñol,Granada,d06
18007,Albuñuelas,Granada,d06
18010,Aldeire,Granada,d06
18011,Alfacar,Granada,d06
18012,Algarinejo,Granada,d06
18013,Alhama de Granada,Granada,d06
18014,Alhendín,Granada,d06
18015,Alicún de Ortega,Granada,d06
18016,Almegíjar,Granada,d06
18017,Almuñécar,Granada,d06
18018,Alquife,Granada,d06
18020,Arenas del Rey,Granada,d06
18021,Armilla,Granada,d06
18022,Atarfe,Granada,d06
18023,Baza,Granada,d06
18024,Beas de Granada,Granada,d06
18025,Beas de Guadix,Granada,d06
18027,Benalúa,Granada,d06
18028,Benalúa de las Villas,Granada,d06
18029,Benamaurel,Granada,d06
18030,Bérchules,Granada,d06
18032,Bubión,Granada,d06
18033,Busquístar,Granada,d06
18034,Cacín,Granada,d06
18035,Cádiar,Granada,d06
18036,Cájar,Granada,d06
18037,Calicasas,Granada,d06
18038,Campotéjar,Granada,d06
18039,Caniles,Granada,d06
18040,Cáñar,Granada,d06
18042,Capileira,Granada,d06
18043,Carataunas,Granada,d06
18044,Cástaras,Granada,d06
18045,Castilléjar,Granada,d06
18046,Castril,Granada,d06
18047,Cenes de la Vega,Granada,d06
18048,Cijuela,Granada,d06
18049,Cogollos de Guadix,Granada,d06
18050,Cogollos de la Vega,Granada,d06
18051,Colomera,Granada,d06
18053,Cortes de Baza,Granada,d06
18054,Cortes y Graena,Granada,d06
18056,Cúllar,Granada,d06
18057,Cúllar Vega,Granada,d06
18059,Chauchina,Granada,d06
18061,Chimeneas,Granada,d06
18062,Churriana de la Vega,Granada,d06
18063,Darro,Granada,d06
18064,Dehesas de Guadix,Granada,d06
18065,Dehesas Viejas,Granada,d06
18066,Deifontes,Granada,d06
18067,Diezma,Granada,d06
18068,Dílar,Granada,d06
18069,Dólar,Granada,d06
18070,Dúdar,Granada,d06
18071,Dúrcal,Granada,d06
18072,Escúzar,Granada,d06
18074,Ferreira,Granada,d06
18076,Fonelas,Granada,d06
18078,Freila,Granada,d06
18079,Fuente Vaqueros,Granada,d06
18082,Galera,Granada,d06
18083,Gobernador,Granada,d06
18084,Gójar,Granada,d06
18085,Gor,Granada,d06
18086,Gorafe,Granada,d06
18087,Granada,Granada,d06
18088,Guadahortuna,Granada,d06
18089,Guadix,Granada,d06
18093,Gualchos,Granada,d06
18094,Güejar Sierra,Granada,d06
18095,Güevéjar,Granada,d06
18096,Huélago,Granada,d06
18097,Huéneja,Granada,d06
18098,Huéscar,Granada,d06
18099,Huétor de Santillán,Granada,d06
18100,Huétor Tájar,Granada,d06
18101,Huétor Vega,Granada,d06
18102,Íllora,Granada,d06
18103,Ítrabo,Granada,d06
18105,Iznalloz,Granada,d06
18106,Játar,Granada,d06
18107,Jayena,Granada,d06
18108,Jerez del Marquesado,Granada,d06
18109,Jete,Granada,d06
18111,Jun,Granada,d06
18112,Juviles,Granada,d06
18114,La Calahorra,Granada,d06
18115,Láchar,Granada,d06
18116,Lanjarón,Granada,d06
18117,Lanteira,Granada,d06
18119,Lecrín,Granada,d06
18120,Lentegí,Granada,d06
18121,Lobras,Granada,d06
18122,Loja,Granada,d06
18123,Lugros,Granada,d06
18124,Lújar,Granada,d06
18126,La Malahá,Granada,d06
18127,Maracena,Granada,d06
18128,Marchal,Granada,d06
18132,Moclín,Granada,d06
18133,Molvízar,Granada,d06
18134,Monachil,Granada,d06
18135,Montefrío,Granada,d06
18136,Montejícar,Granada,d06
18137,Montillana,Granada,d06
18138,Moraleda de Zafayona,Granada,d06
18140,Motril,Granada,d06
18141,Murtas,Granada,d06
18143,Nigüelas,Granada,d06
18144,Nívar,Granada,d06
18145,Ogíjares,Granada,d06
18146,Orce,Granada,d06
18147,Órgiva,Granada,d06
18148,Otívar,Granada,d06
18149,Villa de Otura,Granada,d06
18150,Padul,Granada,d06
18151,Pampaneira,Granada,d06
18152,Pedro Martínez,Granada,d06
18153,Peligros,Granada,d06
18154,La Peza,Granada,d06
18157,Pinos Genil,Granada,d06
18158,Pinos Puente,Granada,d06
18159,Piñar,Granada,d06
18161,Polícar,Granada,d06
18162,Polopos,Granada,d06
18163,Pórtugos,Granada,d06
18164,Puebla de Don Fadrique,Granada,d06
18165,Pulianas,Granada,d06
18167,Purullena,Granada,d06
18168,Quéntar,Granada,d06
18170,Rubite,Granada,d06
18171,Salar,Granada,d06
18173,Salobreña,Granada,d06
18174,Santa Cruz del Comercio,Granada,d06
18175,Santa Fe,Granada,d06
18176,Soportújar,Granada,d06
18177,Sorvilán,Granada,d06
18178,Torre-Cardela,Granada,d06
18179,Torvizcón,Granada,d06
18180,Trevélez,Granada,d06
18181,Turón,Granada,d06
18182,Ugíjar,Granada,d06
18183,Válor,Granada,d06
18184,Vélez de Benaudalla,Granada,d06
18185,Ventas de Huelma,Granada,d06
18187,Villanueva de las Torres,Granada,d06
18188,Villanueva Mesía,Granada,d06
18189,Víznar,Granada,d06
18192,Zafarraya,Granada,d06
18193,La Zubia,Granada,d06
18194,Zújar,Granada,d06
18901,La Taha,Granada,d06
18902,El Valle,Granada,d06
18903,Nevada,Granada,d06
18904,Alpujarra de la Sierra,Granada,d06
18905,Las Gabias,Granada,d06
18906,Los Guájares,Granada,d06
18907,Valle del Zalabí,Granada,d06
18908,Villamena,Granada,d06
18909,Morelábor,Granada,d06
18910,El Pinar,Granada,d06
18911,Vegas del Genil,Granada,d06
18912,Cuevas del Campo,Granada,d06
18913,Zagra,Granada,d06
18914,Valderrubio,Granada,d06
18915,Domingo Pérez de Granada,Granada,d06
21001,Alájar,Huelva,d06
21002,Aljaraque,Huelva,d06
21003,El Almendro,Huelva,d06
21004,Almonaster la Real,Huelva,d06
21005,Almonte,Huelva,d06
21006,Alosno,Huelva,d06
21007,Aracena,Huelva,d06
21008,Aroche,Huelva,d06
21009,Arroyomolinos de León,Huelva,d06
21010,Ayamonte,Huelva,d06
21011,Beas,Huelva,d06
21012,Berrocal,Huelva,d06
21013,Bollullos Par del Condado,Huelva,d06
21014,Bonares,Huelva,d06
21015,Cabezas Rubias,Huelva,d06
21016,Cala,Huelva,d06
21017,Calañas,Huelva,d06
21018,El Campillo,Huelva,d06
21019,Campofrío,Huelva,d06
21020,Cañaveral de León,Huelva,d06
21021,Cartaya,Huelva,d06
21022,Castaño del Robledo,Huelva,d06
21023,El Cerro de Andévalo,Huelva,d06
21024,Corteconcepción,Huelva,d06
21025,Cortegana,Huelva,d06
21026,Cortelazor,Huelva,d06
21027,Cumbres de Enmedio,Huelva,d06
21028,Cumbres de San Bartolomé,Huelva,d06
21029,Cumbres Mayores,Huelva,d06
21030,Chucena,Huelva,d06
21031,Encinasola,Huelva,d06
21032,Escacena del Campo,Huelva,d06
21033,Fuenteheridos,Huelva,d06
21034,Galaroza,Huelva,d06
21035,Gibraleón,Huelva,d06
21036,La Granada de Río-Tinto,Huelva,d06
21037,El Granado,Huelva,d06
21038,Higuera de la Sierra,Huelva,d06
21039,Hinojales,Huelva,d06
21040,Hinojos,Huelva,d06
21041,Huelva,Huelva,d06
21042,Isla Cristina,Huelva,d06
21043,Jabugo,Huelva,d06
21044,Lepe,Huelva,d06
21045,Linares de la Sierra,Huelva,d06
21046,Lucena del Puerto,Huelva,d06
21047,Manzanilla,Huelva,d06
21048,Los Marines,Huelva,d06
21049,Minas de Riotinto,Huelva,d06
21050,Moguer,Huelva,d06
21051,La Nava,Huelva,d06
21052,Nerva,Huelva,d06
21053,Niebla,Huelva,d06
21054,La Palma del Condado,Huelva,d06
21055,Palos de la Frontera,Huelva,d06
21056,Paterna del Campo,Huelva,d06
21057,Paymogo,Huelva,d06
21058,Puebla de Guzmán,Huelva,d06
21059,Puerto Moral,Huelva,d06
21060,Punta Umbría,Huelva,d06
21061,Rociana del Condado,Huelva,d06
21062,Rosal de la Frontera,Huelva,d06
21063,San Bartolomé de la Torre,Huelva,d06
21064,San Juan del Puerto,Huelva,d06
21065,Sanlúcar de Guadiana,Huelva,d06
21066,San Silvestre de Guzmán,Huelva,d06
21067,Santa Ana la Real,Huelva,d06
21068,Santa Bárbara de Casa,Huelva,d06
21069,Santa Olalla del Cala,Huelva,d06
21070,Trigueros,Huelva,d06
21071,Valdelarco,Huelva,d06
21072,Valverde del Camino,Huelva,d06
21073,Villablanca,Huelva,d06
21074,Villalba del Alcor,Huelva,d06
21075,Villanueva de las Cruces,Huelva,d06
21076,Villanueva de los Castillejos,Huelva,d06
21077,Villarrasa,Huelva,d06
21078,Zalamea la Real,Huelva,d06
21079,Zufre,Huelva,d06
23001,Albánchez de Mágina,Jaén,d06
23002,Alcalá la Real,Jaén,d06
23003,Alcaudete,Jaén,d06
23004,Aldeaquemada,Jaén,d06
23005,Andújar,Jaén,d06
23006,Arjona,Jaén,d06
23007,Arjonilla,Jaén,d06
23008,Arquillos,Jaén,d06
23009,Baeza,Jaén,d06
23010,Bailén,Jaén,d06
23011,Baños de la Encina,Jaén,d06
23012,Beas de Segura,Jaén,d06
23014,Begíjar,Jaén,d06
23015,Bélmez de la Moraleda,Jaén,d06
23016,Benatae,Jaén,d06
23017,Cabra de Santo Cristo,Jaén,d06
23018,Cambil,Jaén,d06
23019,Campillo de Arenas,Jaén,d06
23020,Canena,Jaén,d06
23021,Carboneros,Jaén,d06
23024,La Carolina,Jaén,d06
23025,Castellar,Jaén,d06
23026,Castillo de Locubín,Jaén,d06
23027,Cazalilla,Jaén,d06
23028,Cazorla,Jaén,d06
23029,Chiclana de Segura,Jaén,d06
23030,Chilluévar,Jaén,d06
23031,Escañuela,Jaén,d06
23032,Espelúy,Jaén,d06
23033,Frailes,Jaén,d06
23034,Fuensanta de Martos,Jaén,d06
23035,Fuerte del Rey,Jaén,d06
23037,Génave,Jaén,d06
23038,La Guardia de Jaén,Jaén,d06
23039,Guarromán,Jaén,d06
23040,Lahiguera,Jaén,d06
23041,Higuera de Calatrava,Jaén,d06
23042,Hinojares,Jaén,d06
23043,Hornos,Jaén,d06
23044,Huelma,Jaén,d06
23045,Huesa,Jaén,d06
23046,Ibros,Jaén,d06
23047,La Iruela,Jaén,d06
23048,Iznatoraf,Jaén,d06
23049,Jabalquinto,Jaén,d06
23050,Jaén,Jaén,d06
23051,Jamilena,Jaén,d06
23052,Jimena,Jaén,d06
23053,Jódar,Jaén,d06
23054,Larva,Jaén,d06
23055,Linares,Jaén,d06
23056,Lopera,Jaén,d06
23057,Lupión,Jaén,d06
23058,Mancha Real,Jaén,d06
23059,Marmolejo,Jaén,d06
23060,Martos,Jaén,d06
23061,Mengíbar,Jaén,d06
23062,Montizón,Jaén,d06
23063,Navas de San Juan,Jaén,d06
23064,Noalejo,Jaén,d06
23065,Orcera,Jaén,d06
23066,Peal de Becerro,Jaén,d06
23067,Pegalajar,Jaén,d06
23069,Porcuna,Jaén,d06
23070,Pozo Alcón,Jaén,d06
23071,Puente de Génave,Jaén,d06
23072,La Puerta de Segura,Jaén,d06
23073,Quesada,Jaén,d06
23074,Rus,Jaén,d06
23075,Sabiote,Jaén,d06
23076,Santa Elena,Jaén,d06
23077,Santiago de Calatrava,Jaén,d06
23079,Santisteban del Puerto,Jaén,d06
23080,Santo Tomé,Jaén,d06
23081,Segura de la Sierra,Jaén,d06
23082,Siles,Jaén,d06
23084,Sorihuela del Guadalimar,Jaén,d06
23085,Torreblascopedro,Jaén,d06
23086,Torredelcampo,Jaén,d06
23087,Torredonjimeno,Jaén,d06
23088,Torreperogil,Jaén,d06
23090,Torres,Jaén,d06
23091,Torres de Albánchez,Jaén,d06
23092,Úbeda,Jaén,d06
23093,Valdepeñas de Jaén,Jaén,d06
23094,Vilches,Jaén,d06
23095,Villacarrillo,Jaén,d06
23096,Villanueva de la Reina,Jaén,d06
23097,Villanueva del Arzobispo,Jaén,d06
23098,Villardompardo,Jaén,d06
23099,Los Villares,Jaén,d06
23101,Villarrodrigo,Jaén,d06
23901,Cárcheles,Jaén,d06
23902,Bedmar y Garcíez,Jaén,d06
23903,Villatorres,Jaén,d06
23904,Santiago-Pontones,Jaén,d06
23905,Arroyo del Ojanco,Jaén,d06
29001,Alameda,Málaga,d06
29002,Alcaucín,Málaga,d06
29003,Alfarnate,Málaga,d06
29004,Alfarnatejo,Málaga,d06
29005,Algarrobo,Málaga,d06
29006,Algatocín,Málaga,d06
29007,Alhaurín de la Torre,Málaga,d06
29008,Alhaurín el Grande,Málaga,d06
29009,Almáchar,Málaga,d06
29010,Almargen,Málaga,d06
29011,Almogía,Málaga,d06
29012,Álora,Málaga,d06
29013,Alozaina,Málaga,d06
29014,Alpandeire,Málaga,d06
29015,Antequera,Málaga,d06
29016,Árchez,Málaga,d06
29017,Archidona,Málaga,d06
29018,Ardales,Málaga,d06
29019,Arenas,Málaga,d06
29020,Arriate,Málaga,d06
29021,Atajate,Málaga,d06
29022,Benadalid,Málaga,d06
29023,Benahavís,Málaga,d06
29024,Benalauría,Málaga,d06
29025,Benalmádena,Málaga,d06
29026,Benamargosa,Málaga,d06
29027,Benamocarra,Málaga,d06
29028,Benaoján,Málaga,d06
29029,Benarrabá,Málaga,d06
29030,El Borge,Málaga,d06
29031,El Burgo,Málaga,d06
29032,Campillos,Málaga,d06
29033,Canillas de Aceituno,Málaga,d06
29034,Canillas de Albaida,Málaga,d06
29035,Cañete la Real,Málaga,d06
29036,Carratraca,Málaga,d06
29037,Cartajima,Málaga,d06
29038,Cártama,Málaga,d06
29039,Casabermeja,Málaga,d06
29040,Casarabonela,Málaga,d06
29041,Casares,Málaga,d06
29042,Coín,Málaga,d06
29043,Colmenar,Málaga,d06
29044,Comares,Málaga,d06
29045,Cómpeta,Málaga,d06
29046,Cortes de la Frontera,Málaga,d06
29047,Cuevas Bajas,Málaga,d06
29048,Cuevas del Becerro,Málaga,d06
29049,Cuevas de San Marcos,Málaga,d06
29050,Cútar,Málaga,d06
29051,Estepona,Málaga,d06
29052,Faraján,Málaga,d06
29053,Frigiliana,Málaga,d06
29054,Fuengirola,Málaga,d06
29055,Fuente de Piedra,Málaga,d06
29056,Gaucín,Málaga,d06
29057,Genalguacil,Málaga,d06
29058,Guaro,Málaga,d06
29059,Humilladero,Málaga,d06
29060,Igualeja,Málaga,d06
29061,Istán,Málaga,d06
29062,Iznate,Málaga,d06
29063,Jimera de Líbar,Málaga,d06
29064,Jubrique,Málaga,d06
29065,Júzcar,Málaga,d06
29066,Macharaviaya,Málaga,d06
29067,Málaga,Málaga,d06
29068,Manilva,Málaga,d06
29069,Marbella,Málaga,d06
29070,Mijas,Málaga,d06
29071,Moclinejo,Málaga,d06
29072,Mollina,Málaga,d06
29073,Monda,Málaga,d06
29074,Montejaque,Málaga,d06
29075,Nerja,Málaga,d06
29076,Ojén,Málaga,d06
29077,Parauta,Málaga,d06
29079,Periana,Málaga,d06
29080,Pizarra,Málaga,d06
29081,Pujerra,Málaga,d06
29082,Rincón de la Victoria,Málaga,d06
29083,Riogordo,Málaga,d06
29084,Ronda,Málaga,d06
29085,Salares,Málaga,d06
29086,Sayalonga,Málaga,d06
29087,Sedella,Málaga,d06
29088,Sierra de Yeguas,Málaga,d06
29089,Teba,Málaga,d06
29090,Tolox,Málaga,d06
29091,Torrox,Málaga,d06
29092,Totalán,Málaga,d06
29093,Valle de Abdalajís,Málaga,d06
29094,Vélez-Málaga,Málaga,d06
29095,Villanueva de Algaidas,Málaga,d06
29096,Villanueva del Rosario,Málaga,d06
29097,Villanueva del Trabuco,Málaga,d06
29098,Villanueva de Tapia,Málaga,d06
29099,Viñuela,Málaga,d06
29100,Yunquera,Málaga,d06
29901,Torremolinos,Málaga,d06
29902,Villanueva de la Concepción,Málaga,d06
29903,Montecorto,Málaga,d06
29904,Serrato,Málaga,d06
41001,Aguadulce,Sevilla,d06
41002,Alanís,Sevilla,d06
41003,Albaida del Aljarafe,Sevilla,d06
41004,Alcalá de Guadaíra,Sevilla,d06
41005,Alcalá del Río,Sevilla,d06
41006,Alcolea del Río,Sevilla,d06
41007,La Algaba,Sevilla,d06
41008,Algámitas,Sevilla,d06
41009,Almadén de la Plata,Sevilla,d06
41010,Almensilla,Sevilla,d06
41011,Arahal,Sevilla,d06
41012,Aznalcázar,Sevilla,d06
41013,Aznalcóllar,Sevilla,d06
41014,Badolatosa,Sevilla,d06
41015,Benacazón,Sevilla,d06
41016,Bollullos de la Mitación,Sevilla,d06
41017,Bormujos,Sevilla,d06
41018,Brenes,Sevilla,d06
41019,Burguillos,Sevilla,d06
41020,Las Cabezas de San Juan,Sevilla,d06
41021,Camas,Sevilla,d06
41022,La Campana,Sevilla,d06
41023,Cantillana,Sevilla,d06
41024,Carmona,Sevilla,d06
41025,Carrión de los Céspedes,Sevilla,d06
41026,Casariche,Sevilla,d06
41027,Castiblanco de los Arroyos,Sevilla,d06
41028,Castilleja de Guzmán,Sevilla,d06
41029,Castilleja de la Cuesta,Sevilla,d06
41030,Castilleja del Campo,Sevilla,d06
41031,El Castillo de las Guardas,Sevilla,d06
41032,Cazalla de la Sierra,Sevilla,d06
41033,Constantina,Sevilla,d06
41034,Coria del Río,Sevilla,d06
41035,Coripe,Sevilla,d06
41036,El Coronil,Sevilla,d06
41037,Los Corrales,Sevilla,d06
41038,Dos Hermanas,Sevilla,d06
41039,Écija,Sevilla,d06
41040,Espartinas,Sevilla,d06
41041,Estepa,Sevilla,d06
41042,Fuentes de Andalucía,Sevilla,d06
41043,El Garrobo,Sevilla,d06
41044,Gelves,Sevilla,d06
41045,Gerena,Sevilla,d06
41046,Gilena,Sevilla,d06
41047,Gines,Sevilla,d06
41048,Guadalcanal,Sevilla,d06
41049,Guillena,Sevilla,d06
41050,Herrera,Sevilla,d06
41051,Huévar del Aljarafe,Sevilla,d06
41052,Lantejuela,Sevilla,d06
41053,Lebrija,Sevilla,d06
41054,Lora de Estepa,Sevilla,d06
41055,Lora del Río,Sevilla,d06
41056,La Luisiana,Sevilla,d06
41057,El Madroño,Sevilla,d06
41058,Mairena del Alcor,Sevilla,d06
41059,Mairena del Aljarafe,Sevilla,d06
41060,Marchena,Sevilla,d06
41061,Marinaleda,Sevilla,d06
41062,Martín de la Jara,Sevilla,d06
41063,Los Molares,Sevilla,d06
41064,Montellano,Sevilla,d06
41065,Morón de la Frontera,Sevilla,d06
41066,Las Navas de la Concepción,Sevilla,d06
41067,Olivares,Sevilla,d06
41068,Osuna,Sevilla,d06
41069,Los Palacios y Villafranca,Sevilla,d06
41070,Palomares del Río,Sevilla,d06
41071,Paradas,Sevilla,d06
41072,Pedrera,Sevilla,d06
41073,El Pedroso,Sevilla,d06
41074,Peñaflor,Sevilla,d06
41075,Pilas,Sevilla,d06
41076,Pruna,Sevilla,d06
41077,La Puebla de Cazalla,Sevilla,d06
41078,La Puebla de los Infantes,Sevilla,d06
41079,La Puebla del Río,Sevilla,d06
41080,El Real de la Jara,Sevilla,d06
41081,La Rinconada,Sevilla,d06
41082,La Roda de Andalucía,Sevilla,d06
41083,El Ronquillo,Sevilla,d06
41084,El Rubio,Sevilla,d06
41085,Salteras,Sevilla,d06
41086,San Juan de Aznalfarache,Sevilla,d06
41087,Sanlúcar la Mayor,Sevilla,d06
41088,San Nicolás del Puerto,Sevilla,d06
41089,Santiponce,Sevilla,d06
41090,El Saucejo,Sevilla,d06
41091,Sevilla,Sevilla,d06
41092,Tocina,Sevilla,d06
41093,Tomares,Sevilla,d06
41094,Umbrete,Sevilla,d06
41095,Utrera,Sevilla,d06
41096,Valencina de la Concepción,Sevilla,d06
41097,Villamanrique de la Condesa,Sevilla,d06
41098,Villanueva del Ariscal,Sevilla,d06
41099,Villanueva del Río y Minas,Sevilla,d06
41100,Villanueva de San Juan,Sevilla,d06
41101,Villaverde del Río,Sevilla,d06
41102,El Viso del Alcor,Sevilla,d06
41901,Cañada Rosal,Sevilla,d06
41902,Isla Mayor,Sevilla,d06
41903,El Cuervo de Sevilla,Sevilla,d06
